<annotation>
	<folder>images potholes</folder>
	<filename>11.jpg</filename>
	<path>C:\Users\siddharth\Downloads\images potholes\11.jpg</path>
	<source>
		<database>Unknown</database>
	</source>
	<size>
		<width>290</width>
		<height>174</height>
		<depth>3</depth>
	</size>
	<segmented>0</segmented>
	<object>
		<name>potholes</name>
		<pose>Unspecified</pose>
		<truncated>1</truncated>
		<difficult>0</difficult>
		<bndbox>
			<xmin>1</xmin>
			<ymin>78</ymin>
			<xmax>27</xmax>
			<ymax>99</ymax>
		</bndbox>
	</object>
	<object>
		<name>potholes</name>
		<pose>Unspecified</pose>
		<truncated>1</truncated>
		<difficult>0</difficult>
		<bndbox>
			<xmin>1</xmin>
			<ymin>118</ymin>
			<xmax>42</xmax>
			<ymax>148</ymax>
		</bndbox>
	</object>
	<object>
		<name>potholes</name>
		<pose>Unspecified</pose>
		<truncated>1</truncated>
		<difficult>0</difficult>
		<bndbox>
			<xmin>1</xmin>
			<ymin>81</ymin>
			<xmax>70</xmax>
			<ymax>136</ymax>
		</bndbox>
	</object>
	<object>
		<name>potholes</name>
		<pose>Unspecified</pose>
		<truncated>0</truncated>
		<difficult>0</difficult>
		<bndbox>
			<xmin>74</xmin>
			<ymin>80</ymin>
			<xmax>128</xmax>
			<ymax>112</ymax>
		</bndbox>
	</object>
	<object>
		<name>potholes</name>
		<pose>Unspecified</pose>
		<truncated>0</truncated>
		<difficult>0</difficult>
		<bndbox>
			<xmin>57</xmin>
			<ymin>100</ymin>
			<xmax>122</xmax>
			<ymax>138</ymax>
		</bndbox>
	</object>
	<object>
		<name>potholes</name>
		<pose>Unspecified</pose>
		<truncated>0</truncated>
		<difficult>0</difficult>
		<bndbox>
			<xmin>103</xmin>
			<ymin>82</ymin>
			<xmax>289</xmax>
			<ymax>132</ymax>
		</bndbox>
	</object>
	<object>
		<name>potholes</name>
		<pose>Unspecified</pose>
		<truncated>1</truncated>
		<difficult>0</difficult>
		<bndbox>
			<xmin>198</xmin>
			<ymin>83</ymin>
			<xmax>290</xmax>
			<ymax>139</ymax>
		</bndbox>
	</object>
	<object>
		<name>potholes</name>
		<pose>Unspecified</pose>
		<truncated>1</truncated>
		<difficult>0</difficult>
		<bndbox>
			<xmin>6</xmin>
			<ymin>75</ymin>
			<xmax>290</xmax>
			<ymax>141</ymax>
		</bndbox>
	</object>
</annotation>
