<annotation>
	<folder>images potholes</folder>
	<filename>14.jpg</filename>
	<path>C:\Users\siddharth\Downloads\images potholes\14.jpg</path>
	<source>
		<database>Unknown</database>
	</source>
	<size>
		<width>300</width>
		<height>168</height>
		<depth>3</depth>
	</size>
	<segmented>0</segmented>
	<object>
		<name>potholes</name>
		<pose>Unspecified</pose>
		<truncated>1</truncated>
		<difficult>0</difficult>
		<bndbox>
			<xmin>64</xmin>
			<ymin>103</ymin>
			<xmax>273</xmax>
			<ymax>168</ymax>
		</bndbox>
	</object>
	<object>
		<name>potholes</name>
		<pose>Unspecified</pose>
		<truncated>1</truncated>
		<difficult>0</difficult>
		<bndbox>
			<xmin>174</xmin>
			<ymin>43</ymin>
			<xmax>300</xmax>
			<ymax>158</ymax>
		</bndbox>
	</object>
</annotation>
