<annotation>
	<folder>images potholes</folder>
	<filename>16.jpg</filename>
	<path>C:\Users\siddharth\Downloads\images potholes\16.jpg</path>
	<source>
		<database>Unknown</database>
	</source>
	<size>
		<width>183</width>
		<height>275</height>
		<depth>3</depth>
	</size>
	<segmented>0</segmented>
	<object>
		<name>potholes</name>
		<pose>Unspecified</pose>
		<truncated>1</truncated>
		<difficult>0</difficult>
		<bndbox>
			<xmin>10</xmin>
			<ymin>38</ymin>
			<xmax>183</xmax>
			<ymax>227</ymax>
		</bndbox>
	</object>
</annotation>
