<annotation>
	<folder>images potholes</folder>
	<filename>18.jpg</filename>
	<path>C:\Users\siddharth\Downloads\images potholes\18.jpg</path>
	<source>
		<database>Unknown</database>
	</source>
	<size>
		<width>300</width>
		<height>168</height>
		<depth>3</depth>
	</size>
	<segmented>0</segmented>
	<object>
		<name>potholes</name>
		<pose>Unspecified</pose>
		<truncated>1</truncated>
		<difficult>0</difficult>
		<bndbox>
			<xmin>62</xmin>
			<ymin>96</ymin>
			<xmax>176</xmax>
			<ymax>168</ymax>
		</bndbox>
	</object>
	<object>
		<name>potholes</name>
		<pose>Unspecified</pose>
		<truncated>1</truncated>
		<difficult>0</difficult>
		<bndbox>
			<xmin>97</xmin>
			<ymin>69</ymin>
			<xmax>237</xmax>
			<ymax>168</ymax>
		</bndbox>
	</object>
</annotation>
