<annotation>
	<folder>images potholes</folder>
	<filename>2.jpg</filename>
	<path>C:\Users\siddharth\Downloads\images potholes\2.jpg</path>
	<source>
		<database>Unknown</database>
	</source>
	<size>
		<width>311</width>
		<height>162</height>
		<depth>3</depth>
	</size>
	<segmented>0</segmented>
	<object>
		<name>potholes</name>
		<pose>Unspecified</pose>
		<truncated>1</truncated>
		<difficult>0</difficult>
		<bndbox>
			<xmin>3</xmin>
			<ymin>54</ymin>
			<xmax>311</xmax>
			<ymax>160</ymax>
		</bndbox>
	</object>
</annotation>
