<annotation>
	<folder>images potholes</folder>
	<filename>20.jpg</filename>
	<path>C:\Users\siddharth\Downloads\images potholes\20.jpg</path>
	<source>
		<database>Unknown</database>
	</source>
	<size>
		<width>301</width>
		<height>167</height>
		<depth>3</depth>
	</size>
	<segmented>0</segmented>
	<object>
		<name>potholes</name>
		<pose>Unspecified</pose>
		<truncated>1</truncated>
		<difficult>0</difficult>
		<bndbox>
			<xmin>73</xmin>
			<ymin>82</ymin>
			<xmax>301</xmax>
			<ymax>164</ymax>
		</bndbox>
	</object>
</annotation>
