<annotation>
	<folder>images potholes</folder>
	<filename>21.jpg</filename>
	<path>C:\Users\siddharth\Downloads\images potholes\21.jpg</path>
	<source>
		<database>Unknown</database>
	</source>
	<size>
		<width>280</width>
		<height>180</height>
		<depth>3</depth>
	</size>
	<segmented>0</segmented>
	<object>
		<name>potholes</name>
		<pose>Unspecified</pose>
		<truncated>1</truncated>
		<difficult>0</difficult>
		<bndbox>
			<xmin>33</xmin>
			<ymin>81</ymin>
			<xmax>279</xmax>
			<ymax>180</ymax>
		</bndbox>
	</object>
	<object>
		<name>potholes</name>
		<pose>Unspecified</pose>
		<truncated>0</truncated>
		<difficult>0</difficult>
		<bndbox>
			<xmin>35</xmin>
			<ymin>60</ymin>
			<xmax>186</xmax>
			<ymax>150</ymax>
		</bndbox>
	</object>
</annotation>
