<annotation>
	<folder>images potholes</folder>
	<filename>23.jpg</filename>
	<path>C:\Users\siddharth\Downloads\images potholes\23.jpg</path>
	<source>
		<database>Unknown</database>
	</source>
	<size>
		<width>275</width>
		<height>183</height>
		<depth>3</depth>
	</size>
	<segmented>0</segmented>
	<object>
		<name>potholes</name>
		<pose>Unspecified</pose>
		<truncated>1</truncated>
		<difficult>0</difficult>
		<bndbox>
			<xmin>13</xmin>
			<ymin>36</ymin>
			<xmax>275</xmax>
			<ymax>173</ymax>
		</bndbox>
	</object>
	<object>
		<name>potholes</name>
		<pose>Unspecified</pose>
		<truncated>1</truncated>
		<difficult>0</difficult>
		<bndbox>
			<xmin>11</xmin>
			<ymin>61</ymin>
			<xmax>264</xmax>
			<ymax>183</ymax>
		</bndbox>
	</object>
	<object>
		<name>potholes</name>
		<pose>Unspecified</pose>
		<truncated>0</truncated>
		<difficult>0</difficult>
		<bndbox>
			<xmin>7</xmin>
			<ymin>89</ymin>
			<xmax>165</xmax>
			<ymax>180</ymax>
		</bndbox>
	</object>
</annotation>
