<annotation>
	<folder>images potholes</folder>
	<filename>24.jpg</filename>
	<path>C:\Users\siddharth\Downloads\images potholes\24.jpg</path>
	<source>
		<database>Unknown</database>
	</source>
	<size>
		<width>310</width>
		<height>163</height>
		<depth>3</depth>
	</size>
	<segmented>0</segmented>
	<object>
		<name>potholes</name>
		<pose>Unspecified</pose>
		<truncated>1</truncated>
		<difficult>0</difficult>
		<bndbox>
			<xmin>43</xmin>
			<ymin>78</ymin>
			<xmax>310</xmax>
			<ymax>159</ymax>
		</bndbox>
	</object>
</annotation>
