<annotation>
	<folder>images potholes</folder>
	<filename>25.jpg</filename>
	<path>C:\Users\siddharth\Downloads\images potholes\25.jpg</path>
	<source>
		<database>Unknown</database>
	</source>
	<size>
		<width>274</width>
		<height>184</height>
		<depth>3</depth>
	</size>
	<segmented>0</segmented>
	<object>
		<name>potholes</name>
		<pose>Unspecified</pose>
		<truncated>0</truncated>
		<difficult>0</difficult>
		<bndbox>
			<xmin>44</xmin>
			<ymin>90</ymin>
			<xmax>273</xmax>
			<ymax>183</ymax>
		</bndbox>
	</object>
</annotation>
