<annotation>
	<folder>images potholes</folder>
	<filename>26.jpg</filename>
	<path>C:\Users\siddharth\Downloads\images potholes\26.jpg</path>
	<source>
		<database>Unknown</database>
	</source>
	<size>
		<width>290</width>
		<height>174</height>
		<depth>3</depth>
	</size>
	<segmented>0</segmented>
	<object>
		<name>potholes</name>
		<pose>Unspecified</pose>
		<truncated>0</truncated>
		<difficult>0</difficult>
		<bndbox>
			<xmin>113</xmin>
			<ymin>48</ymin>
			<xmax>266</xmax>
			<ymax>172</ymax>
		</bndbox>
	</object>
	<object>
		<name>potholes</name>
		<pose>Unspecified</pose>
		<truncated>0</truncated>
		<difficult>0</difficult>
		<bndbox>
			<xmin>132</xmin>
			<ymin>23</ymin>
			<xmax>198</xmax>
			<ymax>82</ymax>
		</bndbox>
	</object>
</annotation>
