<annotation>
	<folder>images potholes</folder>
	<filename>28.jpg</filename>
	<path>C:\Users\siddharth\Downloads\images potholes\28.jpg</path>
	<source>
		<database>Unknown</database>
	</source>
	<size>
		<width>259</width>
		<height>194</height>
		<depth>3</depth>
	</size>
	<segmented>0</segmented>
	<object>
		<name>potholes</name>
		<pose>Unspecified</pose>
		<truncated>0</truncated>
		<difficult>0</difficult>
		<bndbox>
			<xmin>14</xmin>
			<ymin>89</ymin>
			<xmax>160</xmax>
			<ymax>171</ymax>
		</bndbox>
	</object>
	<object>
		<name>potholes</name>
		<pose>Unspecified</pose>
		<truncated>1</truncated>
		<difficult>0</difficult>
		<bndbox>
			<xmin>97</xmin>
			<ymin>127</ymin>
			<xmax>259</xmax>
			<ymax>189</ymax>
		</bndbox>
	</object>
</annotation>
