<annotation>
	<folder>images potholes</folder>
	<filename>29.jpg</filename>
	<path>C:\Users\siddharth\Downloads\images potholes\29.jpg</path>
	<source>
		<database>Unknown</database>
	</source>
	<size>
		<width>300</width>
		<height>168</height>
		<depth>3</depth>
	</size>
	<segmented>0</segmented>
	<object>
		<name>potholes</name>
		<pose>Unspecified</pose>
		<truncated>1</truncated>
		<difficult>0</difficult>
		<bndbox>
			<xmin>10</xmin>
			<ymin>79</ymin>
			<xmax>300</xmax>
			<ymax>161</ymax>
		</bndbox>
	</object>
</annotation>
