<annotation>
	<folder>images potholes</folder>
	<filename>31.jpg</filename>
	<path>C:\Users\siddharth\Downloads\images potholes\31.jpg</path>
	<source>
		<database>Unknown</database>
	</source>
	<size>
		<width>275</width>
		<height>183</height>
		<depth>3</depth>
	</size>
	<segmented>0</segmented>
	<object>
		<name>potholes</name>
		<pose>Unspecified</pose>
		<truncated>1</truncated>
		<difficult>0</difficult>
		<bndbox>
			<xmin>15</xmin>
			<ymin>30</ymin>
			<xmax>275</xmax>
			<ymax>141</ymax>
		</bndbox>
	</object>
</annotation>
