<annotation>
	<folder>images potholes</folder>
	<filename>32.jpg</filename>
	<path>C:\Users\siddharth\Downloads\images potholes\32.jpg</path>
	<source>
		<database>Unknown</database>
	</source>
	<size>
		<width>276</width>
		<height>183</height>
		<depth>3</depth>
	</size>
	<segmented>0</segmented>
	<object>
		<name>potholes</name>
		<pose>Unspecified</pose>
		<truncated>0</truncated>
		<difficult>0</difficult>
		<bndbox>
			<xmin>19</xmin>
			<ymin>39</ymin>
			<xmax>256</xmax>
			<ymax>177</ymax>
		</bndbox>
	</object>
</annotation>
