<annotation>
	<folder>images potholes</folder>
	<filename>36.jpg</filename>
	<path>C:\Users\siddharth\Downloads\images potholes\36.jpg</path>
	<source>
		<database>Unknown</database>
	</source>
	<size>
		<width>225</width>
		<height>225</height>
		<depth>3</depth>
	</size>
	<segmented>0</segmented>
	<object>
		<name>potholes</name>
		<pose>Unspecified</pose>
		<truncated>0</truncated>
		<difficult>0</difficult>
		<bndbox>
			<xmin>61</xmin>
			<ymin>88</ymin>
			<xmax>219</xmax>
			<ymax>162</ymax>
		</bndbox>
	</object>
</annotation>
