<annotation>
	<folder>images potholes</folder>
	<filename>38.jpg</filename>
	<path>C:\Users\siddharth\Downloads\images potholes\38.jpg</path>
	<source>
		<database>Unknown</database>
	</source>
	<size>
		<width>259</width>
		<height>194</height>
		<depth>3</depth>
	</size>
	<segmented>0</segmented>
	<object>
		<name>potholes</name>
		<pose>Unspecified</pose>
		<truncated>0</truncated>
		<difficult>0</difficult>
		<bndbox>
			<xmin>51</xmin>
			<ymin>32</ymin>
			<xmax>221</xmax>
			<ymax>170</ymax>
		</bndbox>
	</object>
</annotation>
