<annotation>
	<folder>images potholes</folder>
	<filename>39.jpg</filename>
	<path>C:\Users\siddharth\Downloads\images potholes\39.jpg</path>
	<source>
		<database>Unknown</database>
	</source>
	<size>
		<width>168</width>
		<height>300</height>
		<depth>3</depth>
	</size>
	<segmented>0</segmented>
	<object>
		<name>potholes</name>
		<pose>Unspecified</pose>
		<truncated>0</truncated>
		<difficult>0</difficult>
		<bndbox>
			<xmin>9</xmin>
			<ymin>56</ymin>
			<xmax>137</xmax>
			<ymax>219</ymax>
		</bndbox>
	</object>
</annotation>
