<annotation>
	<folder>images potholes</folder>
	<filename>4.jpg</filename>
	<path>C:\Users\siddharth\Downloads\images potholes\4.jpg</path>
	<source>
		<database>Unknown</database>
	</source>
	<size>
		<width>275</width>
		<height>183</height>
		<depth>3</depth>
	</size>
	<segmented>0</segmented>
	<object>
		<name>potholes</name>
		<pose>Unspecified</pose>
		<truncated>1</truncated>
		<difficult>0</difficult>
		<bndbox>
			<xmin>29</xmin>
			<ymin>60</ymin>
			<xmax>158</xmax>
			<ymax>183</ymax>
		</bndbox>
	</object>
	<object>
		<name>potholes</name>
		<pose>Unspecified</pose>
		<truncated>1</truncated>
		<difficult>0</difficult>
		<bndbox>
			<xmin>128</xmin>
			<ymin>61</ymin>
			<xmax>275</xmax>
			<ymax>173</ymax>
		</bndbox>
	</object>
</annotation>
