<annotation>
	<folder>images potholes</folder>
	<filename>5.jpg</filename>
	<path>C:\Users\siddharth\Downloads\images potholes\5.jpg</path>
	<source>
		<database>Unknown</database>
	</source>
	<size>
		<width>310</width>
		<height>163</height>
		<depth>3</depth>
	</size>
	<segmented>0</segmented>
	<object>
		<name>potholes</name>
		<pose>Unspecified</pose>
		<truncated>1</truncated>
		<difficult>0</difficult>
		<bndbox>
			<xmin>66</xmin>
			<ymin>96</ymin>
			<xmax>217</xmax>
			<ymax>163</ymax>
		</bndbox>
	</object>
	<object>
		<name>potholes</name>
		<pose>Unspecified</pose>
		<truncated>0</truncated>
		<difficult>0</difficult>
		<bndbox>
			<xmin>129</xmin>
			<ymin>55</ymin>
			<xmax>219</xmax>
			<ymax>144</ymax>
		</bndbox>
	</object>
</annotation>
