<annotation>
	<folder>images potholes</folder>
	<filename>7.jpg</filename>
	<path>C:\Users\siddharth\Downloads\images potholes\7.jpg</path>
	<source>
		<database>Unknown</database>
	</source>
	<size>
		<width>318</width>
		<height>159</height>
		<depth>3</depth>
	</size>
	<segmented>0</segmented>
	<object>
		<name>potholes</name>
		<pose>Unspecified</pose>
		<truncated>0</truncated>
		<difficult>0</difficult>
		<bndbox>
			<xmin>9</xmin>
			<ymin>69</ymin>
			<xmax>90</xmax>
			<ymax>158</ymax>
		</bndbox>
	</object>
	<object>
		<name>potholes</name>
		<pose>Unspecified</pose>
		<truncated>1</truncated>
		<difficult>0</difficult>
		<bndbox>
			<xmin>146</xmin>
			<ymin>61</ymin>
			<xmax>224</xmax>
			<ymax>159</ymax>
		</bndbox>
	</object>
</annotation>
